config_id,N_PV_hh,E_BESS_cap_kwh,E_TESS_cap_kwh,annual_cost_total_eur
C_grid_eb_pv_bess,39.49963054484476,7.42228952464791e-05,39.93885402026038,9198.129900000153
D_grid_ashp_pv_bess_tess,39.95302474079111,0.00044671324310419916,8.335417843453238,3815.813800000117
