generation,best_cost_eur,best_emissions_kg
1,9789.081200000068,393.4652000000008
2,9412.20940000008,391.9274000000009
3,9412.20940000008,390.51840000000146
4,9336.740000000094,388.7775000000008
5,9251.409600000132,388.7526000000008
6,9211.80640000015,388.7526000000008
7,9211.80640000015,388.7526000000008
8,9199.392200000151,388.7526000000008
9,9199.392200000151,388.7526000000008
10,9199.392200000151,388.7526000000008
