generation,best_cost_eur,best_emissions_kg
1,4433.111600000036,151.19939999999997
2,4433.111600000036,150.9728
3,4036.067100000071,150.9728
4,4002.8667000000914,148.45730000000046
5,3909.3816000000893,148.37380000000033
6,3863.0841000001155,145.84550000000036
7,3863.0841000001155,145.84550000000036
8,3863.0841000001155,145.57090000000034
9,3863.0841000001155,145.23870000000025
10,3863.0841000001155,143.62560000000036
